{
    "rmse": 0.7375266793890798,
    "mae": 0.5830264542661137,
    "r2": 0.18421416098281673
}